{
  "feature_order": [
    "age",
    "sex",
    "cp",
    "trestbps",
    "chol",
    "fbs",
    "restecg",
    "thalach",
    "exang",
    "oldpeak",
    "slope",
    "ca",
    "thal"
  ],
  "weights": [
    -0.26593555855301404,
    0.6662054426618783,
    0.40206246056877587,
    0.5880828087115361,
    0.341604407158054,
    -0.26482056665306386,
    0.09434339513699153,
    -0.5875115795437205,
    0.4780340983079202,
    0.525296447644624,
    0.45945554045037024,
    1.3833444864004032,
    0.6204653355935923
  ],
  "bias": -0.11909715229976359,
  "scaling": {
    "age": {
      "mean": 54.43894389438944,
      "std": 9.02373483119838
    },
    "sex": {
      "mean": 0.6798679867986799,
      "std": 0.466527070302453
    },
    "cp": {
      "mean": 3.1584158415841586,
      "std": 0.9585399368696782
    },
    "trestbps": {
      "mean": 131.68976897689768,
      "std": 17.570681239512478
    },
    "chol": {
      "mean": 246.69306930693068,
      "std": 51.6914064726489
    },
    "fbs": {
      "mean": 0.1485148514851485,
      "std": 0.3556096038825341
    },
    "restecg": {
      "mean": 0.9900990099009901,
      "std": 0.9933280677918278
    },
    "thalach": {
      "mean": 149.6072607260726,
      "std": 22.83722455049312
    },
    "exang": {
      "mean": 0.32673267326732675,
      "std": 0.46901858543869346
    },
    "oldpeak": {
      "mean": 1.0396039603960396,
      "std": 1.1591574732421364
    },
    "slope": {
      "mean": 1.6006600660066006,
      "std": 0.6152084301256652
    },
    "ca": {
      "mean": 0.6722408026755853,
      "std": 0.9296715035407582
    },
    "thal": {
      "mean": 4.73421926910299,
      "std": 1.9300793785966313
    }
  }
}