{
  "timestamp": "2025-12-25T08:43:26.885608+00:00",
  "samples": 303,
  "train_samples": 242,
  "test_samples": 61,
  "accuracy": 0.7540983606557377,
  "precision": 0.76,
  "recall": 0.6785714285714286,
  "feature_importance": {
    "age": 0.03982763238028569,
    "sex": 0.09977374069287306,
    "cp": 0.060214572133850605,
    "trestbps": 0.08807376509546308,
    "chol": 0.051160118721258564,
    "fbs": 0.03966064648437978,
    "restecg": 0.01412926529821352,
    "thalach": 0.08798821540280655,
    "exang": 0.07159240545432284,
    "oldpeak": 0.07867061449508801,
    "slope": 0.06881000216635162,
    "ca": 0.20717551259196185,
    "thal": 0.09292350908314478
  }
}